{
  "0": {
    "cooldown_until": 1781921304.267081,
    "failures": 3
  },
  "1": {
    "cooldown_until": 1781921304.6373436,
    "failures": 3
  },
  "2": {
    "cooldown_until": 1781914173.7815144,
    "failures": 2
  },
  "3": {
    "cooldown_until": 1781914182.6007116,
    "failures": 2
  },
  "4": {
    "cooldown_until": 1781921322.9415917,
    "failures": 3
  },
  "5": {
    "cooldown_until": 1781914126.0654945,
    "failures": 0
  },
  "6": {
    "cooldown_until": 1781914283.1080804,
    "failures": 2
  },
  "7": {
    "cooldown_until": 1781914229.767883,
    "failures": 2
  },
  "8": {
    "cooldown_until": 1781914169.7659729,
    "failures": 2
  }
}