{
  "0": {
    "cooldown_until": 1781958879.8621473,
    "failures": 1
  },
  "1": {
    "cooldown_until": 1782021973.459718,
    "failures": 5
  },
  "2": {
    "cooldown_until": 1781958944.3223765,
    "failures": 1
  },
  "3": {
    "cooldown_until": 1782021975.18655,
    "failures": 4
  },
  "4": {
    "cooldown_until": 1782021976.4110148,
    "failures": 5
  },
  "5": {
    "cooldown_until": 0.0,
    "failures": 0
  },
  "6": {
    "cooldown_until": 1782021976.7358372,
    "failures": 4
  },
  "7": {
    "cooldown_until": 0.0,
    "failures": 3
  },
  "8": {
    "cooldown_until": 1782022005.9139636,
    "failures": 5
  }
}