{
  "0": {
    "cooldown_until": 1782308267.4856648,
    "failures": 1
  },
  "1": {
    "cooldown_until": 1782308329.3119855,
    "failures": 0
  },
  "2": {
    "cooldown_until": 1782308389.7262328,
    "failures": 0
  },
  "3": {
    "cooldown_until": 1782371119.1622021,
    "failures": 4
  },
  "4": {
    "cooldown_until": 1782371165.1268177,
    "failures": 4
  },
  "5": {
    "cooldown_until": 1782371279.98128,
    "failures": 4
  },
  "6": {
    "cooldown_until": 1782308434.5421793,
    "failures": 0
  },
  "7": {
    "cooldown_until": 1782308491.215683,
    "failures": 0
  },
  "8": {
    "cooldown_until": 0.0,
    "failures": 0
  },
  "9": {
    "cooldown_until": 0.0,
    "failures": 0
  },
  "10": {
    "cooldown_until": 0.0,
    "failures": 0
  },
  "11": {
    "cooldown_until": 0.0,
    "failures": 0
  },
  "12": {
    "cooldown_until": 0.0,
    "failures": 0
  },
  "13": {
    "cooldown_until": 0.0,
    "failures": 0
  },
  "14": {
    "cooldown_until": 0.0,
    "failures": 0
  }
}