{
  "0": {
    "cooldown_until": 1781975118.0462973,
    "failures": 1
  },
  "1": {
    "cooldown_until": 1782021973.459718,
    "failures": 5
  },
  "2": {
    "cooldown_until": 1781975144.9865549,
    "failures": 1
  },
  "3": {
    "cooldown_until": 1782021975.18655,
    "failures": 4
  },
  "4": {
    "cooldown_until": 1782021976.4110148,
    "failures": 5
  },
  "5": {
    "cooldown_until": 1781975135.3662922,
    "failures": 1
  },
  "6": {
    "cooldown_until": 1782021976.7358372,
    "failures": 4
  },
  "7": {
    "cooldown_until": 1781975116.8078241,
    "failures": 0
  },
  "8": {
    "cooldown_until": 1782022005.9139636,
    "failures": 5
  }
}