{
  "0": {
    "cooldown_until": 1782136214.24134,
    "failures": 4
  },
  "1": {
    "cooldown_until": 1782136266.0129852,
    "failures": 4
  },
  "2": {
    "cooldown_until": 1782221606.6648743,
    "failures": 4
  },
  "3": {
    "cooldown_until": 1782221646.8641412,
    "failures": 4
  },
  "4": {
    "cooldown_until": 1782135274.6179652,
    "failures": 0
  },
  "5": {
    "cooldown_until": 1782221673.558166,
    "failures": 4
  },
  "6": {
    "cooldown_until": 1782135293.5460737,
    "failures": 0
  },
  "7": {
    "cooldown_until": 1782135350.2352858,
    "failures": 1
  },
  "8": {
    "cooldown_until": 1782221758.4262638,
    "failures": 4
  },
  "9": {
    "cooldown_until": 1782135443.3449244,
    "failures": 0
  },
  "10": {
    "cooldown_until": 1782221833.5438404,
    "failures": 4
  },
  "11": {
    "cooldown_until": 0.0,
    "failures": 0
  },
  "12": {
    "cooldown_until": 0.0,
    "failures": 0
  },
  "13": {
    "cooldown_until": 0.0,
    "failures": 0
  },
  "14": {
    "cooldown_until": 0.0,
    "failures": 0
  }
}