{
  "0": {
    "cooldown_until": 1781937483.6113093,
    "failures": 2
  },
  "1": {
    "cooldown_until": 1782021973.459718,
    "failures": 5
  },
  "2": {
    "cooldown_until": 1781943773.7343023,
    "failures": 3
  },
  "3": {
    "cooldown_until": 1782021975.18655,
    "failures": 4
  },
  "4": {
    "cooldown_until": 1782021976.4110148,
    "failures": 5
  },
  "5": {
    "cooldown_until": 1781937459.158565,
    "failures": 2
  },
  "6": {
    "cooldown_until": 1782021976.7358372,
    "failures": 4
  },
  "7": {
    "cooldown_until": 1781943750.1898973,
    "failures": 3
  },
  "8": {
    "cooldown_until": 1782022005.9139636,
    "failures": 5
  }
}